timestamp,solar_kw
2026-09-01 00:00:00,0.0
2026-09-01 01:00:00,0.0
2026-09-01 02:00:00,0.0
2026-09-01 03:00:00,0.0
2026-09-01 04:00:00,0.0
2026-09-01 05:00:00,0.0
2026-09-01 06:00:00,0.0
2026-09-01 07:00:00,19.86
2026-09-01 08:00:00,41.32
2026-09-01 09:00:00,64.06
2026-09-01 10:00:00,71.6
2026-09-01 11:00:00,74.65
2026-09-01 12:00:00,77.45
2026-09-01 13:00:00,74.47
2026-09-01 14:00:00,65.91
2026-09-01 15:00:00,53.98
2026-09-01 16:00:00,42.68
2026-09-01 17:00:00,24.25
2026-09-01 18:00:00,0.0
2026-09-01 19:00:00,0.0
2026-09-01 20:00:00,0.0
2026-09-01 21:00:00,0.0
2026-09-01 22:00:00,0.0
2026-09-01 23:00:00,0.0
2026-09-02 00:00:00,0.0
2026-09-02 01:00:00,0.0
2026-09-02 02:00:00,0.0
2026-09-02 03:00:00,0.0
2026-09-02 04:00:00,0.0
2026-09-02 05:00:00,0.0
2026-09-02 06:00:00,0.0
2026-09-02 07:00:00,23.27
2026-09-02 08:00:00,44.02
2026-09-02 09:00:00,63.17
2026-09-02 10:00:00,70.77
2026-09-02 11:00:00,86.59
2026-09-02 12:00:00,84.91
2026-09-02 13:00:00,90.2
2026-09-02 14:00:00,80.94
2026-09-02 15:00:00,61.42
2026-09-02 16:00:00,40.76
2026-09-02 17:00:00,23.21
2026-09-02 18:00:00,0.0
2026-09-02 19:00:00,0.0
2026-09-02 20:00:00,0.0
2026-09-02 21:00:00,0.0
2026-09-02 22:00:00,0.0
2026-09-02 23:00:00,0.0
2026-09-03 00:00:00,0.0
2026-09-03 01:00:00,0.0
2026-09-03 02:00:00,0.0
2026-09-03 03:00:00,0.0
2026-09-03 04:00:00,0.0
2026-09-03 05:00:00,0.0
2026-09-03 06:00:00,0.0
2026-09-03 07:00:00,21.59
2026-09-03 08:00:00,41.47
2026-09-03 09:00:00,58.09
2026-09-03 10:00:00,74.81
2026-09-03 11:00:00,73.54
2026-09-03 12:00:00,89.99
2026-09-03 13:00:00,90.35
2026-09-03 14:00:00,77.82
2026-09-03 15:00:00,65.77
2026-09-03 16:00:00,45.47
2026-09-03 17:00:00,22.79
2026-09-03 18:00:00,0.0
2026-09-03 19:00:00,0.0
2026-09-03 20:00:00,0.0
2026-09-03 21:00:00,0.0
2026-09-03 22:00:00,0.0
2026-09-03 23:00:00,0.0
2026-09-04 00:00:00,0.0
2026-09-04 01:00:00,0.0
2026-09-04 02:00:00,0.0
2026-09-04 03:00:00,0.0
2026-09-04 04:00:00,0.0
2026-09-04 05:00:00,0.0
2026-09-04 06:00:00,0.0
2026-09-04 07:00:00,24.49
2026-09-04 08:00:00,41.61
2026-09-04 09:00:00,66.48
2026-09-04 10:00:00,76.53
2026-09-04 11:00:00,79.05
2026-09-04 12:00:00,89.79
2026-09-04 13:00:00,81.61
2026-09-04 14:00:00,72.21
2026-09-04 15:00:00,59.57
2026-09-04 16:00:00,44.18
2026-09-04 17:00:00,20.64
2026-09-04 18:00:00,0.0
2026-09-04 19:00:00,0.0
2026-09-04 20:00:00,0.0
2026-09-04 21:00:00,0.0
2026-09-04 22:00:00,0.0
2026-09-04 23:00:00,0.0
2026-09-05 00:00:00,0.0
2026-09-05 01:00:00,0.0
2026-09-05 02:00:00,0.0
2026-09-05 03:00:00,0.0
2026-09-05 04:00:00,0.0
2026-09-05 05:00:00,0.0
2026-09-05 06:00:00,0.0
2026-09-05 07:00:00,21.01
2026-09-05 08:00:00,47.44
2026-09-05 09:00:00,59.22
2026-09-05 10:00:00,67.69
2026-09-05 11:00:00,78.48
2026-09-05 12:00:00,77.13
2026-09-05 13:00:00,90.28
2026-09-05 14:00:00,67.02
2026-09-05 15:00:00,58.61
2026-09-05 16:00:00,39.93
2026-09-05 17:00:00,22.4
2026-09-05 18:00:00,0.0
2026-09-05 19:00:00,0.0
2026-09-05 20:00:00,0.0
2026-09-05 21:00:00,0.0
2026-09-05 22:00:00,0.0
2026-09-05 23:00:00,0.0
