timestamp,demand_kw
2026-09-01 00:00:00,30.09
2026-09-01 01:00:00,33.62
2026-09-01 02:00:00,29.59
2026-09-01 03:00:00,28.7
2026-09-01 04:00:00,28.93
2026-09-01 05:00:00,34.03
2026-09-01 06:00:00,39.8
2026-09-01 07:00:00,45.93
2026-09-01 08:00:00,60.18
2026-09-01 09:00:00,69.38
2026-09-01 10:00:00,69.1
2026-09-01 11:00:00,60.78
2026-09-01 12:00:00,45.82
2026-09-01 13:00:00,41.31
2026-09-01 14:00:00,36.52
2026-09-01 15:00:00,45.79
2026-09-01 16:00:00,58.87
2026-09-01 17:00:00,69.06
2026-09-01 18:00:00,79.9
2026-09-01 19:00:00,85.45
2026-09-01 20:00:00,83.62
2026-09-01 21:00:00,69.07
2026-09-01 22:00:00,52.14
2026-09-01 23:00:00,46.33
2026-09-02 00:00:00,27.7
2026-09-02 01:00:00,31.64
2026-09-02 02:00:00,30.57
2026-09-02 03:00:00,31.43
2026-09-02 04:00:00,28.48
2026-09-02 05:00:00,34.83
2026-09-02 06:00:00,38.82
2026-09-02 07:00:00,46.77
2026-09-02 08:00:00,61.35
2026-09-02 09:00:00,70.14
2026-09-02 10:00:00,66.76
2026-09-02 11:00:00,55.13
2026-09-02 12:00:00,50.16
2026-09-02 13:00:00,42.47
2026-09-02 14:00:00,42.15
2026-09-02 15:00:00,48.5
2026-09-02 16:00:00,61.83
2026-09-02 17:00:00,66.24
2026-09-02 18:00:00,79.93
2026-09-02 19:00:00,81.25
2026-09-02 20:00:00,81.84
2026-09-02 21:00:00,75.04
2026-09-02 22:00:00,53.51
2026-09-02 23:00:00,48.27
2026-09-03 00:00:00,29.31
2026-09-03 01:00:00,27.36
2026-09-03 02:00:00,29.63
2026-09-03 03:00:00,31.63
2026-09-03 04:00:00,32.02
2026-09-03 05:00:00,35.58
2026-09-03 06:00:00,38.6
2026-09-03 07:00:00,48.91
2026-09-03 08:00:00,62.16
2026-09-03 09:00:00,67.75
2026-09-03 10:00:00,69.36
2026-09-03 11:00:00,63.21
2026-09-03 12:00:00,46.64
2026-09-03 13:00:00,40.81
2026-09-03 14:00:00,41.32
2026-09-03 15:00:00,47.68
2026-09-03 16:00:00,55.41
2026-09-03 17:00:00,69.95
2026-09-03 18:00:00,81.12
2026-09-03 19:00:00,88.53
2026-09-03 20:00:00,79.97
2026-09-03 21:00:00,68.05
2026-09-03 22:00:00,54.92
2026-09-03 23:00:00,48.23
2026-09-04 00:00:00,29.99
2026-09-04 01:00:00,29.54
2026-09-04 02:00:00,27.1
2026-09-04 03:00:00,28.47
2026-09-04 04:00:00,31.49
2026-09-04 05:00:00,32.85
2026-09-04 06:00:00,37.54
2026-09-04 07:00:00,48.8
2026-09-04 08:00:00,62.79
2026-09-04 09:00:00,71.59
2026-09-04 10:00:00,70.47
2026-09-04 11:00:00,57.25
2026-09-04 12:00:00,47.54
2026-09-04 13:00:00,43.06
2026-09-04 14:00:00,43.04
2026-09-04 15:00:00,46.28
2026-09-04 16:00:00,54.38
2026-09-04 17:00:00,67.41
2026-09-04 18:00:00,79.91
2026-09-04 19:00:00,85.11
2026-09-04 20:00:00,78.56
2026-09-04 21:00:00,69.6
2026-09-04 22:00:00,54.48
2026-09-04 23:00:00,46.5
2026-09-05 00:00:00,27.96
2026-09-05 01:00:00,27.66
2026-09-05 02:00:00,30.58
2026-09-05 03:00:00,32.34
2026-09-05 04:00:00,29.61
2026-09-05 05:00:00,33.31
2026-09-05 06:00:00,39.26
2026-09-05 07:00:00,46.04
2026-09-05 08:00:00,61.53
2026-09-05 09:00:00,66.8
2026-09-05 10:00:00,69.68
2026-09-05 11:00:00,59.51
2026-09-05 12:00:00,48.07
2026-09-05 13:00:00,41.16
2026-09-05 14:00:00,39.68
2026-09-05 15:00:00,45.49
2026-09-05 16:00:00,55.19
2026-09-05 17:00:00,67.39
2026-09-05 18:00:00,81.02
2026-09-05 19:00:00,81.58
2026-09-05 20:00:00,81.16
2026-09-05 21:00:00,72.0
2026-09-05 22:00:00,57.2
2026-09-05 23:00:00,45.39
